<?xml version="1.0" encoding="UTF-8"?>
<!DOCTYPE resources PUBLIC "-//GlassFish.org//DTD GlassFish Application Server 3.1 Resource Definitions//EN" "http://glassfish.org/dtds/glassfish-resources_1_5.dtd">
<resources>
  <jdbc-resource enabled="true" jndi-name="jdbc/my" object-type="user" pool-name="conPool">
    <description/>
  </jdbc-resource>
  <jdbc-connection-pool allow-non-component-callers="false" associate-with-thread="false" 
  connection-creation-retry-attempts="0" connection-creation-retry-interval-in-seconds="10" 
  connection-leak-reclaim="false" connection-leak-timeout-in-seconds="0" 
  connection-validation-method="auto-commit" datasource-classname="oracle.jdbc.pool.OracleDataSource" 
  fail-all-connections="false" idle-timeout-in-seconds="300" is-connection-validation-required="false" 
  is-isolation-level-guaranteed="true" lazy-connection-association="false" lazy-connection-enlistment="false" 
  match-connections="false" max-connection-usage-count="0" max-pool-size="50" max-wait-time-in-millis="60000" 
  name="conPool" non-transactional-connections="false" ping="false" pool-resize-quantity="8" pooling="true" 
  res-type="javax.sql.DataSource" statement-cache-size="0" statement-leak-reclaim="false" 
  statement-leak-timeout-in-seconds="0" statement-timeout-in-seconds="-1" steady-pool-size="8" 
  validate-atmost-once-period-in-seconds="0" wrap-jdbc-objects="false">
    <property name="URL" value="jdbc:oracle:thin:@localhost:1521:XE"/>
    <property name="User" value="saksham"/>
    <property name="Password" value="9027904442"/>
  </jdbc-connection-pool>
</resources>
